id;source;text;url
1;mobile Fish;Home Loan Account Table Computer;http://jadon.org
2;Savings Account alarm;Tasty Metal Bacon;https://coy.com
3;Officer;methodology Albania;http://alba.biz
4;Investment Account Steel;Coordinator;http://jackson.com
5;Savings Account syndicate Planner;Refined Rubber Chicken Table;http://adonis.org
6;Planner cross-platform access;Public-key;http://idella.net
7;Investment Account;Games Regional Digitized;https://nicolas.biz
8;Costa Rica Mayotte;Industrial;https://opal.info
9;e-enable Communications capacitor;Awesome;http://jovan.com
10;software scale interactive;Louisiana Specialist Home Loan Account;http://brooks.biz
